Priority,Keywords,Q_EN,Q_ZH,A_EN,A_ZH,Analogy_EN,Analogy_ZH,Audio_Q,Audio_A,Audio_Analogy,Principles
P0,how not what | temporal grammar | not classifier,How is this different from traditional activity recognition? | Isn't your system just a gesture classifier? | What makes your semantic layer novel compared to action recognition?,这与传统的动作识别有何不同？ | 你的系统不就是一个手势分类器吗？ | 相比动作识别，语义层的新颖之处在哪？,"Unlike activity recognition which classifies WHAT you are doing, our layer segments HOW the rhythmic effort unfolds. It acts as a temporal grammar, not a categorical label.",与动作识别分类"你在做什么"不同，我们的语义层分割的是发力"如何"按时间展开。它是时间语法，不是分类标签。,"MIDI sends note events, not sound. We send phase events, not raw signal.","MIDI 传的是音符事件，不是声音。我们传的是阶段事件，不是原始信号。",q1_v1.mp3 | q1_v2.mp3 | q1_v3.mp3,a1.mp3,analogy_q1.mp3,实时响应优先 | 能量驱动 | 方法独立 | 探索性轻量 | 鲁棒抗漂移 | 设备无关抽象 | 数据透明 | 用户节奏自由
P1,energy in-out-rest | 3 phases | minimal set,"Why did you choose Stroke, Coast, and Idle? | Could there be a fourth phase? | What is the physical basis for these specific states?",为什么选择发力、滑行和静息这三个阶段？ | 会有第四个阶段吗？ | 这三个状态的物理基础是什么？,"They represent the fundamental energy transitions of rhythmic exertion: injection, dissipation, and ground state. This triadic structure is minimal yet sufficient to capture the dynamics of repetitive activities.",它们代表了节律性运动的基本能量转换：注入、耗散和基态。这种三元结构极简，但足以捕捉重复性活动的动力学特征。,"Like MIDI note-on, note-off, and silence. Three events cover the full cycle.","就像 MIDI 的按下、松开、静默。三个事件就能覆盖整个周期。",q2_v1.mp3 | q2_v2.mp3 | q2_v3.mp3,a2.mp3,analogy_q2.mp3,
P1,middleware layer | no hardware lock | reuse visuals,How does Row-to-Flow differ from commercial platforms like Zwift? | What is the advantage over existing smart rowers? | Why not map sensors directly to the game?,Row-to-Flow与Zwift等平台有何不同？ | 相比现有智能划船机有什么优势？ | 为什么不直接把传感器映射到游戏里？,"Commercial platforms tightly couple specific hardware to specific visuals. We insert a middleware semantic layer, allowing the same rhythmic grammar to drive diverse devices and rendering engines independently.",商业平台将特定硬件与视觉强绑定。我们插入中间件语义层，允许相同的节奏语法独立驱动不同的设备和渲染引擎。,"Zwift is a proprietary cable. We are MIDI: any keyboard, any sound module.","Zwift 像专用线缆。我们像 MIDI：任何键盘，任何音源。",q3_v1.mp3 | q3_v2.mp3 | q3_v3.mp3,a3.mp3,analogy_q3.mp3,
P0,real-time FSM | offline tracker | different jobs,Why use a fixed FSM for rendering but an adaptive one for evaluation? | Isn't the dual-track algorithm inconsistent? | Why not use the adaptive FSM for real-time?,为什么渲染用固定FSM，评估却用自适应算法？ | 双轨算法难道不是前后矛盾吗？ | 为什么不把自适应FSM用在实时渲染上？,"It's a deliberate dual-track architecture. The fixed FSM keeps interaction latency below the perceptual threshold for live rendering, while the offline adaptive tracker rigorously captures physical energy dissipation without method bias.",这是刻意设计的双轨架构。固定FSM让实时渲染的交互延迟低于感知阈值，而离线自适应追踪器严谨捕捉物理能量耗散，避免方法偏倚。,"Like live MIDI for performance and high-resolution MIDI for recording.","就像现场 MIDI 用于演出，高分辨率 MIDI 用于录音。",q4_v1.mp3 | q4_v2.mp3 | q4_v3.mp3,a4.mp3,analogy_q4.mp3,
P2,400ms cooldown | filters jitter | no delay felt,Doesn't the 400ms cooldown create interaction latency? | How do you handle fast strokes with a fixed cooldown? | Will users feel delayed feedback due to the timer?,400ms的固定冷却不会产生交互延迟吗？ | 你怎么用固定冷却处理快速的划船动作？ | 定时器会让用户感觉到反馈延迟吗？,"We empirically tuned the 400ms cooldown based on pilot observations. It filters out high-frequency mechanical chattering without causing perceived latency, ensuring a fluid real-time experience.",我们基于先导观察经验性调校了400ms冷却。它过滤高频机械抖动且不会产生感知延迟，确保流畅的实时体验。,,,q5_v1.mp3 | q5_v2.mp3 | q5_v3.mp3,a5.mp3,,
P2,1.5s median | drift suppressed | no false triggers,How does the system handle machine wobbling or slow rowing? | Does gravity tilt affect your IMU readings? | How do you cancel out low-frequency noise?,系统如何处理机器晃动或缓慢划船？ | 重力倾斜会影响IMU读数吗？ | 你们如何消除低频噪音干扰？,"We use a 1.5-second rolling-median dynamic baseline to suppress slow drift and gravity projection changes. The rolling median continuously updates the baseline, so minor hand tremors are less likely to trigger false strokes.",我们使用1.5秒滚动中位数动态基线抑制慢漂移和重力投影变化。滚动中位数持续更新基线，使微小手抖更不易触发错误发力。,,,q6_v1.mp3 | q6_v2.mp3 | q6_v3.mp3,a6.mp3,,
P0,no self-eval | find_peaks | independent probe,Why use find_peaks for CV calculation instead of your FSM? | Isn't it unfair to compare using a different algorithm? | How did you calculate the cycle intervals objectively?,为什么用find_peaks计算CV而不是你们的FSM？ | 用不同的算法比较不是不公平吗？ | 你是如何客观计算周期间隔的？,"Using the semantic FSM to evaluate itself introduces method bias. We used find_peaks as an independent, drift-agnostic topographic probe to objectively measure true physical human motion across both conditions.",用语义FSM自我评估会引入偏倚。我们使用find_peaks作为独立的、抗漂移的地形探针，以客观测量两种条件下的真实物理动作。,,,q7_v1.mp3 | q7_v2.mp3 | q7_v3.mp3,a7.mp3,,
P2,area under curve | bigger pull | longer coast,How exactly does the adaptive energy-informed tracker work? | How do you calculate the coast duration offline? | What does t_coast proportional to effort mean?,自适应能量追踪器具体是如何工作的？ | 你们离线如何计算滑行时间？ | 滑行时间与发力成正比是什么意思？,"It computes the integral area under the rectified effort envelope. Greater energy injection during the stroke mathematically extends the estimated coast duration, perfectly mirroring physical momentum dissipation.",它计算整流发力包络线下的积分面积。发力期注入的能量越大，估算的滑行时间越长，完美映射了物理动量的耗散。,,,q8_v1.mp3 | q8_v2.mp3 | q8_v3.mp3,a8.mp3,,
P0,P02 retained | data-driven rule | transparency,Why was P02 excluded from the paired t-test but kept in the figures? | Was P02's data deleted? | Why not remove P02 entirely from the paper?,为什么 P02 被排除在配对 t 检验外，但保留在图中？ | P02 的数据被删了吗？ | 为什么不彻底删掉 P02？,"P02 was excluded automatically by a pre-defined, data-driven criterion due to fewer than three valid cycle intervals in one condition, but kept in all figures to demonstrate transparency. This is not manual cherry-picking.",P02因某一条件下有效周期间隔少于三个，被预先定义的数据驱动规则自动排除，但保留在所有图中以展示透明度。这不是手动挑选。,Like a bad MIDI take that you still keep in the session file, but don't mix into the final track.,"就像一个录坏的 MIDI 片段，你保留在工程文件里，但不混进最终成品。",q9_v1.mp3 | q9_v2.mp3 | q9_v3.mp3,a9.mp3,,
P2,ESP32 + IMU | cheap | strap on anything,Is the hardware required for this semantic layer expensive? | Can I attach this to my home rower? | What is the material cost of your sensing module?,实现这个语义层所需的硬件昂贵吗？ | 我能把它装在我家里的划船机上吗？ | 你们传感模块的物料成本是多少？,"Not at all. The core setup relies on an ultra-low-cost ESP32 microcontroller and a standard 6-axis IMU, which can be easily strapped onto existing, affordable fitness equipment.",完全不。核心设置仅依赖极低成本的ESP32微控制器和标准6轴IMU，可轻松绑在现有的经济型健身器材上。,,,q10_v1.mp3 | q10_v2.mp3 | q10_v3.mp3,a10.mp3,,
P0,N=11 | trend not proof | future large N,Is a sample size of 11 enough to draw valid conclusions? | Why didn't you recruit more participants? | Does the small N limit your claims?,11人的样本量足以得出有效结论吗？ | 为什么不招募更多参与者？ | 小样本量会限制你们的主张吗？,"As an exploratory short paper, our goal is hypothesis generation and observing behavioral trends, not confirmatory validation. The robust effect sizes we observed strongly justify future large-scale studies.",作为探索性短文，我们的目标是生成假设和观察行为趋势，而非确认性验证。我们观察到的稳健效应量充分证明了未来大样本研究的价值。,,,q11_v1.mp3 | q11_v2.mp3 | q11_v3.mp3,a11.mp3,,
P1,P02 excluded | 0 valid cycles | auto rule,Why was participant P02 excluded from the paired t-test? | Did you manually remove outliers to get better results? | How was the exclusion criterion decided?,为什么参与者 P02 被排除在配对 t 检验外？ | 你们是为了结果好看手动删了异常值吗？ | 排除标准是怎么定的？,"P02 was excluded automatically by a pre-defined, data-driven criterion due to fewer than three valid cycle intervals in one condition. This is not manual cherry-picking. Their raw data is fully preserved and visualized in our raster plots.",P02因某一条件下有效周期间隔少于三个，被预先定义的数据驱动规则自动排除，绝非手动挑选。其原始数据完整保留并在光栅图中展示。,,,q12_v1.mp3 | q12_v2.mp3 | q12_v3.mp3,a12.mp3,,
P1,counterbalanced | 30s warmup | no order bias,Did the order of conditions affect the user preference? | How did you handle learning effects during the 3-minute trials? | Was the study counterbalanced?,条件顺序是否影响了用户偏好？ | 你们怎么处理3分钟测试里的学习效应？ | 实验有做平衡序处理吗？,"The conditions were strictly counterbalanced to negate order effects. Additionally, participants received a 30-second familiarization phase before the recorded 3-minute trials to stabilize their motor behavior.",实验条件经过严格的平衡序处理以抵消顺序效应。此外，在录制的3分钟测试前，受试者有30秒的熟悉期以稳定运动行为。,,,q13_v1.mp3 | q13_v2.mp3 | q13_v3.mp3,a13.mp3,,
P0,p = 0.144 | d = 0.506 | exploratory,Your p-value is 0.144. Why is it still meaningful? | How do you justify conclusions with p > 0.05? | What does the Cohen's d of 0.506 mean here?,p值是0.144，为什么还有意义？ | p>0.05怎么支撑结论？ | 这里的Cohen's d 0.506意味着什么？,"While limited by our exploratory sample size, the medium effect size (Cohen's d > 0.5) suggests a clear behavioral trend: the semantic layer afforded users rhythmic freedom rather than robotic constraint.",虽然受限于探索性样本量，但中等效应量(d > 0.5)提示了清晰的行为趋势：语义层赋予了用户节奏自由，而非机械限制。,,,q14_v1.mp3 | q14_v2.mp3 | q14_v3.mp3,a14.mp3,,
P2,higher CV | participant behavior | not algorithm bias,Doesn't a higher CV mean the semantic layer worsened their motor control? | Why is a higher cycle variation a good thing? | Did the users row worse in your system?,CV变高不就意味着语义层让运动控制变差了吗？ | 为什么周期变异度变高是好事？ | 用户在系统里划得更差了吗？,"Not at all. Continuous mapping coerces users into rigid metronomic pacing. The higher CV reflects participant behavior—the semantic feedback encouraged more variable pacing strategies. Importantly, the CV was computed using an independent drift-agnostic peak detector, not the real-time FSM, so this difference is not algorithmic bias.",完全不是。连续映射强迫用户像节拍器一样死板。较高的CV反映的是参与者行为——语义反馈鼓励了更多变的配速策略。重要的是，CV是用独立的抗漂移峰值检测器算的，不是实时FSM，所以这个差异不是算法偏差。,,,q15_v1.mp3 | q15_v2.mp3 | q15_v3.mp3,a15.mp3,,
P2,semantics not equal aesthetics | mixed pref | decoupled,"If the semantic layer is so good, why was overall subjective preference mixed? | Why did 4 people prefer the baseline? | Is your visual design flawed?",如果语义层这么好，为什么整体主观偏好是混合的？ | 为什么有4个人更喜欢基线？ | 你们的视觉设计有缺陷吗？,"This reveals a profound design insight: physical semantics and visual aesthetics can be decoupled. The structure successfully entrained their pacing, but some users simply preferred natural scenic presentation over cybernetic overlays.",这揭示了深刻的设计洞见：物理语义和视觉审美可以解耦。结构成功引导了配速，但部分用户纯粹更喜欢自然风景而非赛博特效。,,,q16_v1.mp3 | q16_v2.mp3 | q16_v3.mp3,a16.mp3,,
P1,stage clarity | pull-glide-return | internalized,What specific aspect of the semantic layer did users prefer? | How did users describe the semantic experience? | Why did 7 out of 11 favor stage clarity?,用户到底更喜欢语义层的哪个具体方面？ | 用户如何描述语义体验的？ | 为什么大比例偏好阶段清晰度？,"Users overwhelmingly preferred the Stage Clarity. Qualitatively, their descriptions shifted from force-centric words like ""pull hard"" to temporal grammar like ""pull, glide, return,"" proving the semantic internalization.",用户压倒性地偏好"阶段清晰度"。定性上看，描述从"用力拉"等发力词汇，转向了"拉、滑、回"的时间语法，证明了语义的内化。,,,q17_v1.mp3 | q17_v2.mp3 | q17_v3.mp3,a17.mp3,,
P0,4x amplitude | same 3 phases | PoC only,Does the respiratory trainer actually prove cross-device interoperability? | Why use a breathing trainer? | Isn't one extra device too weak for a claim?,呼吸训练器真的能证明跨设备的互操作性吗？ | 为什么用呼吸训练器？ | 仅仅多一个设备不足以证明通用性吧？,"It provides preliminary feasibility, not formal validation. Despite a 4x amplitude difference and distinct mechanics, the three-phase decomposition remains structurally similar, which is highly promising for cross-modal transferability.",它提供的是初步可行性，而非正式验证。尽管振幅相差4倍且力学不同，三阶段分解在结构上仍保持相似，这展现了极佳的跨模态潜力。,"Like a MIDI drum machine plugged into the same protocol.","就像一台 MIDI 鼓机插入了同一个协议。",q18_v1.mp3 | q18_v2.mp3 | q18_v3.mp3,a18.mp3,analogy_q18.mp3,
P2,piston rectifies | impact events | reuse pipeline,How did you map continuous breathing into discrete strokes? | What does the custom pneumatic piston do? | Why are the respiratory signals so sharp?,你是如何把连续呼吸映射成离散Stroke的？ | 定制气动活塞起什么作用？ | 为什么呼吸信号看起来这么尖锐？,"The custom pneumatic piston mechanically rectifies bidirectional airflow into repeatable, high-frequency impact events. This allows us to reuse the exact same semantic extraction pipeline designed for rowing.",定制气动活塞在机械上将双向气流整流为可重复的高频撞击事件。这让我们能完全复用为划船设计的同一个语义提取管线。,,,q19_v1.mp3 | q19_v2.mp3 | q19_v3.mp3,a19.mp3,,
P0,find_peaks ref | no mocap | future benchmark,"Where is the ground truth, error analysis, or formal latency estimate? | Why didn't you use motion capture cameras? | How accurate is the FSM without ground truth?",ground truth、误差分析或延迟估计在哪里？ | 为什么不用动捕相机？ | 没有真值，FSM准确度如何？,"As an exploratory short paper, we used a drift-robust offline peak detector as our algorithmic reference rather than high-precision motion capture. Formal benchmarking remains vital for future work.",作为探索性短文，我们使用抗漂移的离线峰值检测器作为算法参考，而非高精度动捕。正式的基准测试是未来工作的重要内容。,,,q20_v1.mp3 | q20_v2.mp3 | q20_v3.mp3,a20.mp3,,
P2,low-pass | force-to-speed | inertia term,How exactly did the baseline condition map the sensor data? | Did the baseline have any filtering? | Why did you use an inertia term in the baseline?,基线条件到底是如何映射传感器数据的？ | 基线有加滤波吗？ | 为什么基线里要加惯性项？,"The baseline used a continuous low-pass filter and a direct force-to-speed mapping with an inertia term. This ensured smooth visual dynamics without any discrete phase segmentation, representing current commercial standards.",基线使用了连续低通滤波和带惯性项的直接力-速度映射。这确保了无离散阶段的平滑视觉动态，代表了当前的商业标准。,,,q21_v1.mp3 | q21_v2.mp3 | q21_v3.mp3,a21.mp3,,
P0,4-page limit | OSF data | open scripts,Your paper lacks some experimental and demographic details. Why? | Where can I find the questionnaire items? | Are the scripts available?,你的论文缺乏实验和人口统计细节，为什么？ | 我在哪能找到问卷题目？ | 脚本公开了吗？,"Due to the strict 4-page limit, we prioritized core concepts. However, we have fully open-sourced participant demographics, ethics protocols, and analysis scripts in our anonymized OSF repository for complete transparency.",受限于严格的4页篇幅，我们优先展示核心概念。但我们在匿名OSF仓库中完全开源了人口统计、伦理协议和分析脚本，以保证完全透明。,,,q22_v1.mp3 | q22_v2.mp3 | q22_v3.mp3,a22.mp3,,
P2,renderer subscribes | stroke burst | idle calm,Why did you choose particles and trails for visual feedback? | How does the visual layer respond to the phases? | Are the visuals hardcoded?,为什么选粒子和轨迹作为视觉反馈？ | 视觉层如何响应语义阶段？ | 视觉效果是写死在代码里的吗？,"Visuals are an independent design dimension. We subscribed the renderer to the event stream: Stroke drives intense particles, Coast leaves decaying trails, and Idle returns to ambient flow.",视觉是独立的设计维度。我们让渲染器订阅事件流：Stroke驱动强烈粒子，Coast留下衰减轨迹，Idle恢复到环境流动。,"Like a MIDI synthesizer responding to note events, not to the keyboard brand.","就像 MIDI 合成器响应音符事件，而不是响应键盘品牌。",q23_v1.mp3 | q23_v2.mp3 | q23_v3.mp3,a23.mp3,analogy_q23.mp3,
P1,handle IMU | cycling needs crank | weightlifting needs EMG,Can this exact handle-mounted IMU approach be used for cycling or weightlifting? | Will it work for non-rhythmic sports? | What limits your approach?,这套手柄IMU方法能直接用于骑行或举重吗？ | 它能用于非节律性运动吗？ | 你们方法的局限在哪？,"Not necessarily. While the semantic grammar applies, continuous rotary motions like cycling may require crank sensors, and isometric holds like weightlifting may require EMG. We stated this boundary in the limitations.",不一定。虽然语义语法适用，但骑行等连续旋转运动可能需曲柄传感器，举重等静态保持可能需肌电图。我们在局限中说明了此边界。,,,q24_v1.mp3 | q24_v2.mp3 | q24_v3.mp3,a24.mp3,,
P2,rectified effort | recoil = coast | no false stroke,How does your system handle the return motion or negative acceleration? | Does pushing the handle back trigger a stroke? | What happens when the handle retracts?,系统如何处理回桨动作或负加速度？ | 把手推回去会触发Stroke吗？ | 把手缩回时会怎样？,"The system operates on rectified effort magnitude, abstracting physical motion into a pure kinetic energy stream. Therefore, the recoil phase does not trigger false strokes but falls naturally into the Coast or Idle decay.",系统基于整流后的发力幅度运行，将物理运动抽象为纯动能流。因此，回桨阶段不会触发错误发力，而是自然落入Coast或Idle衰减中。,,,q25_v1.mp3 | q25_v2.mp3 | q25_v3.mp3,a25.mp3,,
P2,self-paced | consent signed | ethics in OSF,Was there any injury risk during the 3-minute max effort row? | Did you get ethical approval? | How did you ensure participant safety?,3分钟尽力划船有受伤风险吗？ | 你们有伦理审批吗？ | 如何保证参与者安全？,"Participants were instructed to row at a self-selected pace rather than maximum effort. Full informed consent was obtained, and the ethics statement is documented in our OSF repository.",我们指示参与者以自选配速划船，而非极限发力。获取了完整的知情同意，伦理声明已记录在OSF仓库中。,,,q26_v1.mp3 | q26_v2.mp3 | q26_v3.mp3,a26.mp3,,
P2,whoosh sound | marks stroke | audio future work,What role did the whoosh sound play in your experiment? | Was the feedback only visual? | Did audio help entrainment?,呼啸声在实验中起什么作用？ | 反馈仅仅是视觉的吗？ | 声音有助于节律同步吗？,"The visual feedback was reinforced by a distinct 'whoosh' sound marking the stroke onset. This multimodal approach strengthens the perception of phase boundaries, though analyzing audio contribution independently remains future work.",视觉反馈辅以标记Stroke起点的清晰呼啸声。这种多模态方法强化了对阶段边界的感知，不过单独分析声音的贡献留待未来研究。,,,q27_v1.mp3 | q27_v2.mp3 | q27_v3.mp3,a27.mp3,,
P2,retrofit any | irregular moves | next step,Can this be deployed in commercial gyms tomorrow? | Does it require specialized rowing machines? | What is the barrier to productization?,这个明天就能部署到商业健身房吗？ | 它需要专用划船机吗？ | 产品化的障碍是什么？,"It can be retrofitted to any existing equipment using a low-cost IMU. However, commercial deployment would require expanding the segmentation strategies to handle irregular compound movements, which is our next step.",利用低成本IMU，它可加装在任何现有设备上。但商业部署需扩展分割策略以处理不规则的复合运动，这是我们的下一步。,,,q28_v1.mp3 | q28_v2.mp3 | q28_v3.mp3,a28.mp3,,
P2,clothes rack | wife | real curiosity,I loved your opening story. Did your wife actually buy into the scientific equipment argument? | Why did you really start this project? | Is the clothes rack safe now?,我很喜欢你的开场故事。你妻子真的相信这是科研设备了吗？ | 你到底为什么开始这个项目？ | 晾衣架现在安全了吗？,"(Smile) Well, getting accepted to VINCI definitely helped my case! But jokes aside, the personal motivation drove a genuine curiosity about why home fitness equipment feels so disconnected, which led to this semantic framework.",(微笑) 能被VINCI录用绝对帮了大忙！不开玩笑地说，个人动机驱使我真正去好奇为什么家用健身器材让人觉得毫无连结，从而催生了这个语义框架。,,,q29_v1.mp3 | q29_v2.mp3 | q29_v3.mp3,a29.mp3,,
P0,exploratory | lightweight | discuss offline,Have you considered using advanced non-linear modeling like LSTMs for signal extraction? | What about deploying sensor fusion algorithms? | Why not use frequency-domain analysis?,你考虑过使用像LSTM这样的高级非线性建模来提取信号吗？ | 部署传感器融合算法怎么样？ | 为什么不用频域分析？,"That is an excellent point. Since this is an exploratory short paper, we deliberately kept the pipeline lightweight. Exploring that is exactly what we plan for our full-scale study, and I'd love to discuss it offline.",这是个绝佳的观点。由于这是一篇探索性短文，我们特意保持管线轻量。探索这点正是我们未来完整研究的计划，我很乐意会后与您详细讨论。,,,q30_v1.mp3 | q30_v2.mp3 | q30_v3.mp3,a30.mp3,,
P0,AI assistant | author verified | statistical outputs checked,Did you use AI in this research? | How did you use AI? | Which parts were AI-assisted?,你在这项研究中用了 AI 吗？ | 你怎么用的 AI？ | 哪些部分是 AI 辅助的？,"Yes, mainly as an engineering and writing assistant: coding, debugging, language editing. The research question, experimental protocol, and final interpretations were authored by us. All statistical outputs were verified by the authors.",是的，主要作为工程和写作助手：写代码、调试、润色语言。研究问题、实验方案和最终解释由我们撰写。所有统计输出由作者核验。,,,,,
P0,core contribution | author designed | AI implemented,How much of the system was designed by you versus assisted by AI?,系统有多少是你设计的，多少是 AI 辅助的？,"The core contribution, semantic abstraction and temporal event protocol, was designed by the authors. AI was an engineering and writing assistant, not the source of the research contribution. Hardware, experiments, data analysis, and final interpretations were authored and verified by the authors.",核心贡献，语义抽象和时间事件协议，是作者设计的。AI 是工程和写作助手，不是研究贡献来源。硬件、实验、数据分析和最终解释由作者撰写并核验。,,,,,